class,count,ratio
1.0,947,0.846291
3.0,172,0.153709
