class,count,ratio
1.0,649,0.579982
2.0,298,0.266309
3.0,172,0.153709
