class,count,ratio
1.0,149,0.133155
2.0,798,0.713137
3.0,172,0.153709
