class,count,ratio
1.0,149,0.133155
2.0,500,0.446828
3.0,298,0.266309
4.0,108,0.096515
5.0,42,0.037534
6.0,20,0.017873
7.0,2,0.001787
