class,count,ratio
1.0,947,0.846291
2.0,150,0.134048
3.0,22,0.01966
