class,count,ratio
1.0,149,0.133155
2.0,906,0.809651
3.0,64,0.057194
