feature,chi2_score
A682,154.71035412515772
Caldera2,139.07514211045495
Imperial2,134.97454933137087
Avenida2,127.96659822578769
González2,121.9274987179996
Copiapo2,119.1875516747486
Miguel2,84.90049244843443
Año,72.43914838173181
Mes,48.65832747693123
Estación,46.614653344736226
Día,35.93415414147279
CalleLugar,30.679729611477327
NumeroPiso,24.22354211032065
Ciudad,18.282086978642813
País,9.365225988278677
